Substrate Name,Substrate SMILES,Protein Sequence,Kcat value (1/s),correct,,
L76A-4-HPAA,Cc1ccc(cc1)CC=O,MMKMEVVFVFLMLLGTINCQKLILTGRPFLHHQGIINQVSTVTKVIHHELEVAASADDIWTVYSWPGLAKHLPDLAPGAFEKLEIIGDGGVGTILDMTFVPGEFPHEYKEKFILVDNEHRLKKVQMIEGGYLDLGVTYYMDTIHVVPTGKDSCVIKSSTEYHVKPEFVKIVEPLITTGPLAAMADAISKLVLEHKSKSNSDEIEAAIITV,2.904,13.95,,
Y108F-4-HPAA,Cc1ccc(cc1)CC=O,MMKMEVVFVFLMLLGTINCQKLILTGRPFLHHQGIINQVSTVTKVIHHELEVAASADDIWTVYSWPGLAKHLPDLLPGAFEKLEIIGDGGVGTILDMTFVPGEFPHEFKEKFILVDNEHRLKKVQMIEGGYLDLGVTYYMDTIHVVPTGKDSCVIKSSTEYHVKPEFVKIVEPLITTGPLAAMADAISKLVLEHKSKSNSDEIEAAIITV,2.5687,10.2,,
WT-4-HPAA,Cc1ccc(cc1)CC=O,MMKMEVVFVFLMLLGTINCQKLILTGRPFLHHQGIINQVSTVTKVIHHELEVAASADDIWTVYSWPGLAKHLPDLLPGAFEKLEIIGDGGVGTILDMTFVPGEFPHEYKEKFILVDNEHRLKKVQMIEGGYLDLGVTYYMDTIHVVPTGKDSCVIKSSTEYHVKPEFVKIVEPLITTGPLAAMADAISKLVLEHKSKSNSDEIEAAIITV,3.0403,31.35,,
L76A-Hexanal,CCCCC/C=O,MMKMEVVFVFLMLLGTINCQKLILTGRPFLHHQGIINQVSTVTKVIHHELEVAASADDIWTVYSWPGLAKHLPDLAPGAFEKLEIIGDGGVGTILDMTFVPGEFPHEYKEKFILVDNEHRLKKVQMIEGGYLDLGVTYYMDTIHVVPTGKDSCVIKSSTEYHVKPEFVKIVEPLITTGPLAAMADAISKLVLEHKSKSNSDEIEAAIITV,2.9027,7.3,,
Y108F-Hexanal,CCCCC/C=O,MMKMEVVFVFLMLLGTINCQKLILTGRPFLHHQGIINQVSTVTKVIHHELEVAASADDIWTVYSWPGLAKHLPDLLPGAFEKLEIIGDGGVGTILDMTFVPGEFPHEFKEKFILVDNEHRLKKVQMIEGGYLDLGVTYYMDTIHVVPTGKDSCVIKSSTEYHVKPEFVKIVEPLITTGPLAAMADAISKLVLEHKSKSNSDEIEAAIITV,2.5451,3.55,,
WT-Hexanal,CCCCC/C=O,MMKMEVVFVFLMLLGTINCQKLILTGRPFLHHQGIINQVSTVTKVIHHELEVAASADDIWTVYSWPGLAKHLPDLLPGAFEKLEIIGDGGVGTILDMTFVPGEFPHEYKEKFILVDNEHRLKKVQMIEGGYLDLGVTYYMDTIHVVPTGKDSCVIKSSTEYHVKPEFVKIVEPLITTGPLAAMADAISKLVLEHKSKSNSDEIEAAIITV,3.0269,5.55,,
L76A-citronellal,CC(C)=CCC[C@@H](C)C/C=O,MMKMEVVFVFLMLLGTINCQKLILTGRPFLHHQGIINQVSTVTKVIHHELEVAASADDIWTVYSWPGLAKHLPDLAPGAFEKLEIIGDGGVGTILDMTFVPGEFPHEYKEKFILVDNEHRLKKVQMIEGGYLDLGVTYYMDTIHVVPTGKDSCVIKSSTEYHVKPEFVKIVEPLITTGPLAAMADAISKLVLEHKSKSNSDEIEAAIITV,3.3391,3.02,,
WT-citronellal,CC(C)=CCC[C@@H](C)C/C=O,MMKMEVVFVFLMLLGTINCQKLILTGRPFLHHQGIINQVSTVTKVIHHELEVAASADDIWTVYSWPGLAKHLPDLLPGAFEKLEIIGDGGVGTILDMTFVPGEFPHEYKEKFILVDNEHRLKKVQMIEGGYLDLGVTYYMDTIHVVPTGKDSCVIKSSTEYHVKPEFVKIVEPLITTGPLAAMADAISKLVLEHKSKSNSDEIEAAIITV,3.4717,1.6,,
"['L68T/M97V', 'benzaldehyde']",c1ccc(cc1)/C=O,MMKMEVVFVFLMLLGTINCQKLILTGRPFLHHQGIINQVSTVTKVIHHELEVAASADDIWTVYSWPGTAKHLPDLLPGAFEKLEIIGDGGVGTILDVTFVPGEFPHEYKEKFILVDNEHRLKKVQMIEGGYLDLGVTYYMDTIHVVPTGKDSCVIKSSTEYHVKPEFVKIVEPLITTGPLAAMADAISKLVLEHKSKSNSDEIEAAIITV,2.4623,0.439,,
"['wt', 'benzaldehyde']",c1ccc(cc1)/C=O,MMKMEVVFVFLMLLGTINCQKLILTGRPFLHHQGIINQVSTVTKVIHHELEVAASADDIWTVYSWPGLAKHLPDLLPGAFEKLEIIGDGGVGTILDMTFVPGEFPHEYKEKFILVDNEHRLKKVQMIEGGYLDLGVTYYMDTIHVVPTGKDSCVIKSSTEYHVKPEFVKIVEPLITTGPLAAMADAISKLVLEHKSKSNSDEIEAAIITV,2.6871,0.234,,
"['L68T/M97V', '4-Biphenylcarboxaldehyde']",O=Cc1ccc(cc1)-c2ccccc2,MMKMEVVFVFLMLLGTINCQKLILTGRPFLHHQGIINQVSTVTKVIHHELEVAASADDIWTVYSWPGTAKHLPDLLPGAFEKLEIIGDGGVGTILDVTFVPGEFPHEYKEKFILVDNEHRLKKVQMIEGGYLDLGVTYYMDTIHVVPTGKDSCVIKSSTEYHVKPEFVKIVEPLITTGPLAAMADAISKLVLEHKSKSNSDEIEAAIITV,2.4214,0.002,,
"['wt', '4-Biphenylcarboxaldehyde']",O=Cc1ccc(cc1)-c2ccccc2,MMKMEVVFVFLMLLGTINCQKLILTGRPFLHHQGIINQVSTVTKVIHHELEVAASADDIWTVYSWPGLAKHLPDLLPGAFEKLEIIGDGGVGTILDMTFVPGEFPHEYKEKFILVDNEHRLKKVQMIEGGYLDLGVTYYMDTIHVVPTGKDSCVIKSSTEYHVKPEFVKIVEPLITTGPLAAMADAISKLVLEHKSKSNSDEIEAAIITV,2.5273,0.001,,
[4-Hydroxyphenylacetaldehyde],C1=CC(=CC=C1CC=O)O,MMKMEVVFVFLMLLGTINCQKLILTGRPFLHHQGIINQVSTVTKVIHHELEVAASADDIWTVYSWPGLAKHLPDLLPGAFEKLEIIGDGGVGTILDMTFVPGEFPHEFKEKFILVDNEHRLKKVQMIEGGYLDLGVTYYMDTIHVVPTGKDSCVIKSSTEYHVKPEFVKIVEPLITTGPLAAMADAISKLVLEHKSKSNSDEIEAAIITV,2.5687,1.7,,
[4-Hydroxyphenylacetaldehyde],C1=CC(=CC=C1CC=O)O,MMKMEVVFVFLMLLGTINCQKLILTGRPFLHHQGIINQVSTVTKVIHHELEVAASADDIWTVYSWPGLAKHLPDLLPGAFEKLEIIGDGGVGTILDMTFVPGEFPHEYKEKFILVDNEHRLKKVQMIEGGYLDLGVTYYMDTIHVVPTGKDSCVIKSSTEYHVKPEFVKIVEPLITTGPLAAMADAISKLVLEHKSKSNSDEIEAAIITV,3.0403,6.4,,
[3-(2-aminoethyl)phenol],C1=CC(=CC(=C1)O)CCN,MMKMEVVFVFLMLLGTINCQKLILTGRPFLHHQGIINQVSTVTKVIHHELEVAASADDIWTVYSWPGLAKHLPDLLPGAFEKLEIIGDGGVGTILDMTFVPGEFPHEYKEKFILVDNEHRLKKVQMIEGGYLDLGVTYYMDTIHVVPTGKDSCVIKSSTEYHVKPEFVKIVEPLITTGPLAAMADAISKLVLEHKSKSNSDEIEAAIITV,3.2866,6,,
[5-(2-aminoethyl)-2-methoxyphenol],COC1=C(C=C(C=C1)CCN)O,MMKMEVVFVFLMLLGTINCQKLILTGRPFLHHQGIINQVSTVTKVIHHELEVAASADDIWTVYSWPGLAKHLPDLLPGAFEKLEIIGDGGVGTILDMTFVPGEFPHEYKEKFILVDNEHRLKKVQMIEGGYLDLGVTYYMDTIHVVPTGKDSCVIKSSTEYHVKPEFVKIVEPLITTGPLAAMADAISKLVLEHKSKSNSDEIEAAIITV,3.5083,6,,
"[4-(2-Aminoethyl)benzene-1,2-diol]",C1=CC(=C(C=C1CCN)O)O,MMKMEVVFVFLMLLGTINCQKLILTGRPFLHHQGIINQVSTVTKVIHHELEVAASADDIWTVYSWPGLAKHLPDLLPGAFEKLEIIGDGGVGTILDMTFVPGEFPHEYKEKFILVDNEHRLKKVQMIEGGYLDLGVTYYMDTIHVVPTGKDSCVIKSSTEYHVKPEFVKIVEPLITTGPLAAMADAISKLVLEHKSKSNSDEIEAAIITV,3.0403,7,,
